{
  "manifest.json": 1706869431285,
  "test/integration/pages/RisksObjectPage.js": 1706806016435,
  "test/integration/pages/RisksList.js": 1706806016415,
  "test/integration/opaTests.qunit.js": 1706806016379,
  "test/integration/FirstJourney.js": 1706806016447,
  "test/testsuite.qunit.js": 1706806016363,
  "xs-app.json": 1706869431277,
  "i18n/i18n.properties": 1706806093025,
  "Component.js": 1706806016247,
  "test/integration/FirstJourney-dbg.js": 1706806016447,
  "test/integration/FirstJourney.js.map": 1706869446551,
  "test/integration/pages/RisksList-dbg.js": 1706806016415,
  "test/integration/pages/RisksList.js.map": 1706869446532,
  "test/integration/opaTests.qunit-dbg.js": 1706806016379,
  "test/integration/opaTests.qunit.js.map": 1706869446491,
  "test/integration/pages/RisksObjectPage-dbg.js": 1706806016435,
  "test/integration/pages/RisksObjectPage.js.map": 1706869446547,
  "test/testsuite.qunit-dbg.js": 1706806016363,
  "test/testsuite.qunit.js.map": 1706869446522,
  "Component-dbg.js": 1706806016247,
  "Component.js.map": 1706869446524,
  "Component-preload.js": 1706869446639,
  "Component-preload.js.map": 1706869446639,
  "test/integration/opaTests.qunit.html": 1706806016379,
  "test/testsuite.qunit.html": 1706806016351,
  "test/flpSandbox.html": 1706806016331,
  "index.html": 1706806016247
}