{
  "test/integration/opaTests.qunit.html": 1706806016379,
  "test/integration/opaTests.qunit.js": 1706806016379,
  "test/integration/pages/RisksList.js": 1706806016415,
  "test/integration/pages/RisksObjectPage.js": 1706806016435,
  "test/integration/FirstJourney.js": 1706806016447,
  "test/testsuite.qunit.js": 1706806016363,
  "xs-app.json": 1706816326333,
  "manifest.json": 1706816326337,
  "Component.js": 1706806016247,
  "test/integration/FirstJourney-dbg.js": 1706806016447,
  "test/integration/FirstJourney.js.map": 1706816335698,
  "test/integration/pages/RisksList-dbg.js": 1706806016415,
  "test/integration/pages/RisksList.js.map": 1706816335689,
  "test/integration/pages/RisksObjectPage-dbg.js": 1706806016435,
  "test/integration/pages/RisksObjectPage.js.map": 1706816335681,
  "test/integration/opaTests.qunit-dbg.js": 1706806016379,
  "test/integration/opaTests.qunit.js.map": 1706816335747,
  "test/testsuite.qunit-dbg.js": 1706806016363,
  "test/testsuite.qunit.js.map": 1706816335686,
  "Component-dbg.js": 1706806016247,
  "Component.js.map": 1706816335688,
  "Component-preload.js": 1706816335881,
  "Component-preload.js.map": 1706816335881,
  "i18n/i18n.properties": 1706806093025,
  "test/testsuite.qunit.html": 1706806016351,
  "test/flpSandbox.html": 1706806016331,
  "index.html": 1706806016247
}